,column type,null values,null values(%),min,max,mean,,
betos_d1c_ind,int64,0,0,0,1,0.045492439,,
betos_d1c_pmpm_ct,float64,0,0,0,2.2582781,0.039526469,,
betos_d1d_ind,int64,0,0,0,1,0.015422871,,
betos_d1d_pmpm_ct,float64,0,0,0,1.5057143,0.007197421,,
betos_m1b_ind,int64,0,0,0,1,0.9346145,,
betos_m1b_pmpm_ct,float64,0,0,0,6.25,0.651291061,,
betos_m2c_ind,int64,0,0,0,1,0.03379233,,
betos_m2c_pmpm_ct,float64,0,0,0,1.75,0.006281876,,
betos_m5b_ind,int64,0,0,0,1,0.060944058,,
betos_m5b_pmpm_ct,float64,0,0,0,4.909091,0.022055648,,
betos_m5c_ind,int64,0,0,0,1,0.438524119,,
betos_m5c_pmpm_ct,float64,0,0,0,1.4166666,0.066834054,,
betos_m5d_ind,int64,0,0,0,1,0.516170298,,
betos_m5d_pmpm_ct,float64,0,0,0,3.6953642,0.100651302,,
betos_o1a_ind,int64,0,0,0,1,0.137195998,,
betos_o1a_pmpm_ct,float64,0,0,0,19.25,0.064777258,,
betos_o1b_ind,int64,0,0,0,1,0.03159317,,
betos_o1b_pmpm_ct,float64,0,0,0,4.2352943,0.022586917,,
betos_o1e_ind,int64,0,0,0,1,0.429051917,,
betos_o1e_pmpm_ct,float64,0,0,0,12,0.121505613,,
betos_o1g_ind,int64,0,0,0,1,0.333295004,,
betos_o1g_pmpm_ct,float64,0,0,0,0.700565,0.034734398,,
betos_t1a_ind,int64,0,0,0,1,0.78379233,,
betos_t1a_pmpm_ct,float64,0,0,0,3.9166667,0.203924838,,
betos_t1b_ind,int64,0,0,0,1,0.760363365,,
betos_t1b_pmpm_ct,float64,0,0,0,6.3333335,0.186862439,,
betos_t1e_ind,int64,0,0,0,1,0.130196056,,
betos_t1e_pmpm_ct,float64,0,0,0,3.3333333,0.027639286,,
betos_t1h_ind,int64,0,0,0,1,0.908583913,,
betos_t1h_pmpm_ct,float64,0,0,0,7.0833335,0.321049366,,
betos_t2a_ind,int64,0,0,0,1,0.401986431,,
betos_t2a_pmpm_ct,float64,0,0,0,2.7301137,0.086082761,,
betos_y2_ind,int64,0,0,0,1,0.061705859,,
betos_y2_pmpm_ct,float64,0,0,0,8.666667,0.061702365,,
bh_adtp_ind,int64,0,0,0,1,0.011312022,,
bh_aoth_ind,int64,0,0,0,1,0.176996493,,
bh_bipr_ind,int64,0,0,0,1,0.02979647,,
bh_cdal_ind,int64,0,0,0,1,0.028962801,,
bh_cdsb_ind,int64,0,0,0,1,0.053139194,,
bh_cdto_ind,int64,0,0,0,1,0.154789283,,
bh_dema_ind,int64,0,0,0,1,0.246650952,,
cci_score,float64,0,0,0,16,4.708029092,,
ccsp_014_ind,int64,0,0,0,1,0.00850917,,
ccsp_020_ind,int64,0,0,0,1,0.018958777,,
ccsp_021_ind,int64,0,0,0,1,0.001049273,,
ccsp_034_ind,int64,0,0,0,0,0,,
ccsp_060_ind,int64,0,0,0,1,0.000833669,,
ccsp_062_ind,int64,0,0,0,1,0.059089864,,
ccsp_080_ind,int64,0,0,0,1,0.000963031,,
ccsp_107_ind,int64,0,0,0,1,0.001422986,,
ccsp_120_ind,int64,0,0,0,0,0,,
ccsp_125_ind,int64,0,0,0,1,0.000431208,,
ccsp_130_ind,int64,0,0,0,1,0.024176393,,
ccsp_163_ind,int64,0,0,0,1,0.030845743,,
ccsp_169_ind,int64,0,0,0,1,0.016012189,,
ccsp_204_ind,int64,0,0,0,1,0.002774105,,
ccsp_205_ind,int64,0,0,0,1,0.018714425,,
ccsp_212_ind,int64,0,0,0,1,0.002098545,,
ccsp_220_ind,int64,0,0,0,1,0.478741448,,
ccsp_228_ind,int64,0,0,0,1,0.339245674,,
ccsp_236_ind,int64,0,0,0,1,0.055956419,,
ccsp_239_ind,int64,0,0,0,1,0.139955729,,
ccsp_242_ind,int64,0,0,0,1,0.001566722,,
cms_disabled_ind,int64,0,0,0,1,0.302075548,,
cms_dual_eligible_ind,int64,0,0,0,1,0.164448341,,
cms_hospice_ind,int64,0,0,0,1,0.00051745,,
cms_low_income_ind,int64,0,0,0,1,0.237566837,,
cms_ma_risk_score_nbr,float64,3772,5.421721382,0,9.437,1.12141921,,
cms_partd_ra_factor_amt,float64,3814,5.482090496,0,12.151,1.071809848,,
cms_ra_factor_type_cd,object,4224,6.071408038,,,,,
cms_risk_adj_payment_rate_a_amt,float64,3748,5.387224746,0,4984.32,398.0525459,,
cms_risk_adj_payment_rate_b_amt,float64,3750,5.390099465,0,6989.85,506.8921631,,
cms_risk_adjustment_factor_a_amt,float64,3751,5.391536825,0,9.437,1.119721973,,
cms_rx_risk_score_nbr,float64,3749,5.388662105,0,11.706,1.049277532,,
cms_tot_ma_payment_amt,float64,3750,5.390099465,38.34,11981.64,999.8885503,,
cms_tot_partd_payment_amt,float64,3750,5.390099465,0,857.91,145.1992062,,
cmsd2_can_unc_neo/plycyth/myelo_ind,int64,0,0,0,1,0.093169666,,
cmsd2_eye_blindness_ind,int64,0,0,0,1,0.082216984,,
cmsd2_gus_m_genital_ind,int64,0,0,0,1,0.162852872,,
cmsd2_men_mad_ind,int64,0,0,0,1,0.266314034,,
cmsd2_men_men_substance_ind,int64,0,0,0,1,0.190090841,,
cmsd2_mus_polyarthropath_ind,int64,0,0,0,1,0.119703329,,
cmsd2_mus_spondylopath_ind,int64,0,0,0,1,0.187575461,,
cmsd2_skn_radiation_ind,int64,0,0,0,1,0.102598747,,
cmsd2_sns_general_ind,int64,0,0,0,1,0.439817743,,
cnty_cd,object,0,0,,,,,
cons_cmys,object,19267,27.69361237,,,,,
cons_hcaccprf_h,float64,19278,27.70942333,0,1,0.01403746,,
cons_hcaccprf_p,float64,19278,27.70942333,0,1,0.907503877,,
cons_hhcomp,object,19277,27.70798597,,,,1,element
cons_homstat,object,19280,27.71229805,,,,2,middle
cons_n2029_y,float64,19279,27.71086069,0,1,0.060783807,,
cons_n2mob,float64,19278,27.70942333,0,99,9.351214857,,
cons_n2pbl,float64,19278,27.70942333,0,99,16.3384698,,
cons_n2pmv,float64,19278,27.70942333,0,99,92.24716666,,
cons_n65p_y,float64,19278,27.70942333,0,1,0.763212312,,
cons_online_buyer,float64,19275,27.70511125,0,1,0.231365688,,
cons_ret_y,float64,19279,27.71086069,0,1,0.187262641,,
cons_retail_buyer,float64,19279,27.71086069,0,1,0.186765554,,
cons_veteran_y,float64,19278,27.70942333,0,1,0.161271722,,
credit_bal_1stmtg_30to59dpd,float64,229,0.329155407,0,5522.954198,815.8776741,,
credit_bal_1stmtg_60to89dpd,float64,228,0.327718047,0,3896.254369,284.5672587,,
credit_bal_1stmtg_collections,float64,228,0.327718047,0,5182.580292,411.4404123,,
credit_bal_1stmtg_severederog,float64,232,0.333467487,0,2550.013846,48.43800275,,
credit_bal_1stmtgcredit_60dpd,float64,228,0.327718047,0.06,11974.58729,1272.639332,,
credit_bal_agency1stmorg_collectio,float64,228,0.327718047,0,1979.225858,152.6923538,,
credit_bal_agencyfirstmtg_60dpd,float64,230,0.330592767,0,4000.184211,419.7239772,,
credit_bal_agencyfirstmtg_new,float64,230,0.330592767,3.475595443,50520.75529,7093.340413,,
credit_bal_autobank,float64,231,0.332030127,805.5271967,14831.13775,4913.358313,,
credit_bal_autobank_new,float64,231,0.332030127,272.725,6755.384615,2177.074662,,
credit_bal_autofinance,float64,231,0.332030127,1030.913133,13376.10909,5284.067884,,
credit_bal_autofinance_new,float64,230,0.330592767,240.2993197,7592.874434,2150.306245,,
credit_bal_bankcard_severederog,float64,231,0.332030127,12.78571429,2477.868519,401.9814444,,
credit_bal_consumerfinance,float64,231,0.332030127,135.9140127,4162.357002,878.9817314,,
credit_bal_consumerfinance_new,float64,231,0.332030127,34.81557377,1534.951807,393.1843449,,
credit_bal_heloc_60dpd,float64,231,0.332030127,0,3424.434503,71.48872083,,
credit_bal_heloc_severederog,float64,231,0.332030127,0,893.5274062,21.08785114,,
credit_bal_mtg_90to119dpd,float64,231,0.332030127,0,1996.949479,121.7168833,,
credit_bal_mtg_bankruptcy,float64,231,0.332030127,0,2060.96789,179.5966291,,
credit_bal_mtg_severederog,float64,231,0.332030127,0,2805.056497,85.80807839,,
credit_bal_mtgcredit_new,float64,231,0.332030127,0.478370195,89220.35412,10304.61861,,
credit_bal_nonagn1stmorg_30to59dpd,float64,231,0.332030127,0,5013.696386,354.4161926,,
credit_bal_nonagn1stmorg_60to89dpd,float64,231,0.332030127,0,2376.5625,147.5163514,,
credit_bal_nonagn1stmorg_90to119dp,float64,231,0.332030127,0,1886.126612,55.87997585,,
credit_bal_nonagn1stmorg_bankruptc,float64,231,0.332030127,0,1748.550075,130.7885428,,
credit_bal_nonagn1stmorg_collectio,float64,231,0.332030127,0,5017.677616,234.281511,,
credit_bal_nonagnfirstmtg_60dpd,float64,231,0.332030127,0,9531.14133,813.2378913,,
credit_bal_nonmtgcredit_60dpd,float64,231,0.332030127,321.7384615,8285.347091,2609.663438,,
credit_bal_studentloan_60dpd,float64,231,0.332030127,0.340241724,5135.324441,1253.59347,,
credit_bal_totalallcredit_60dpd,float64,231,0.332030127,345.6650718,16733.97387,3976.70933,,
credit_bal_totalallcredit_60to89dpd,float64,230,0.330592767,0.084283664,5163.398542,414.0165343,,
credit_bal_totalallcredit_90to119dpd,float64,231,0.332030127,0.015714664,2506.254545,278.2641496,,
credit_bal_totalallcredit_new,float64,230,0.330592767,3407.307692,97216.52061,17388.18298,,
credit_hh_1stmtg_severederog,float64,231,0.332030127,0,1.448441247,0.060556115,,
credit_hh_1stmtgcredit,float64,231,0.332030127,4.787610619,68.79830748,32.3733826,,
credit_hh_1stmtgcredit_new,float64,231,0.332030127,0.002248109,18.45757576,4.34938858,,
credit_hh_agencyfirstmtg,float64,230,0.330592767,0.671232877,60.80898876,22.48074902,,
credit_hh_agencyfirstmtg_new,float64,231,0.332030127,4.71E-05,17.23623754,3.1399921,,
credit_hh_autobank,float64,231,0.332030127,4.068898905,51.88423059,24.49680285,,
credit_hh_autobank_new,float64,231,0.332030127,1.157744177,24.34038055,8.885777587,,
credit_hh_autofinance,float64,231,0.332030127,6.750189825,58.15598412,29.04309681,,
credit_hh_autofinance_new,float64,231,0.332030127,1.513043478,27.18640777,9.978087649,,
credit_hh_bankcard_severederog,float64,231,0.332030127,0.760383387,24.1446712,8.309222838,,
credit_hh_bankcardcredit_60dpd,float64,231,0.332030127,1.431034483,26.58730159,10.38693961,,
credit_hh_consumerfinance,float64,231,0.332030127,9.435886761,72.57710345,34.9661779,,
credit_hh_consumerfinance_new,float64,231,0.332030127,2.285714286,43.4991119,13.91253683,,
credit_hh_mtg_severederog,float64,231,0.332030127,0,2.1071912,0.167695062,,
credit_hh_mtgcredit_new,float64,231,0.332030127,0.001552146,20.42341679,5.473240569,,
credit_hh_nonagnfirstmtg,float64,231,0.332030127,1.531160365,33.43700787,11.01155829,,
credit_hh_nonmtgcredit_60dpd,float64,231,0.332030127,3.758256275,57.92229417,22.26764318,,
credit_hh_studentloan,float64,231,0.332030127,4.02779661,56.85144199,25.9234862,,
credit_hh_studentloan_60dpd,float64,231,0.332030127,0.001396105,22.95494186,5.459491562,,
credit_hh_totalallcredit_bankruptcy,float64,231,0.332030127,0,4.726337449,0.383041735,,
credit_hh_totalallcredit_collections,float64,231,0.332030127,0.002222527,18.95162791,5.008541658,,
credit_hh_totalallcredit_severederog,float64,232,0.333467487,2.590643275,53.23496762,17.96470733,,
credit_highcrd_consumerfinance_new,float64,231,0.332030127,132.9904306,2271.843949,762.2927092,,
credit_minmob_1stmtgcredit,float64,230,0.330592767,4.188668392,48.43223443,22.32092254,,
credit_minmob_agencyfirstmtg,float64,231,0.332030127,0.259259259,31.88669951,14.29911861,,
credit_minmob_mtgcredit,float64,231,0.332030127,4.409260857,49.51648352,24.83108124,,
credit_minmob_nonagn,float64,231,0.332030127,1.216216216,25.61933535,9.187750527,,
credit_num_1stmtg_30to59dpd,float64,231,0.332030127,0,0.033363636,0.005753774,,
credit_num_1stmtg_60to89dpd,float64,231,0.332030127,0,0.016939891,0.001827036,,
credit_num_1stmtg_bankruptcy,float64,231,0.332030127,0,0.018316498,0.00129104,,
credit_num_1stmtg_collections,float64,231,0.332030127,0,0.014829894,0.002338678,,
credit_num_1stmtg_severederog,float64,231,0.332030127,0,0.022744479,0.00059863,,
credit_num_1stmtgcredit,float64,231,0.332030127,0.049763469,0.86851457,0.366806141,,
credit_num_1stmtgcredit_new,float64,231,0.332030127,4.11E-06,0.192424242,0.045244186,,
credit_num_agency1stmorg_collectio,float64,231,0.332030127,0,0.00885609,0.000894217,,
credit_num_agencyfirstmtg,float64,231,0.332030127,0.006923077,0.699892308,0.249300867,,
credit_num_agencyfirstmtg_60dpd,float64,231,0.332030127,0,0.016939891,0.00257349,,
credit_num_agencyfirstmtg_new,float64,231,0.332030127,5.00E-06,0.178636364,0.032177725,,
credit_num_autobank,float64,230,0.330592767,0.045041762,0.793432198,0.305256745,,
credit_num_autobank_new,float64,231,0.332030127,0.012011173,0.284714588,0.098536926,,
credit_num_autofinance,float64,231,0.332030127,0.078735632,0.958689733,0.370225881,,
credit_num_autofinance_new,float64,231,0.332030127,0.015878378,0.338940092,0.108604819,,
credit_num_bankcard_severederog,float64,231,0.332030127,0.009859155,0.405234584,0.127462014,,
credit_num_consumerfinance,float64,232,0.333467487,0.115066593,2.014609998,0.577631128,,
credit_num_consumerfinance_new,float64,231,0.332030127,0.022941176,0.879981087,0.180056819,,
credit_num_heloc_60dpd,float64,231,0.332030127,0,0.011859296,0.000941957,,
credit_num_heloc_severederog,float64,231,0.332030127,0,0.007258065,0.000325926,,
credit_num_mtg_60to89dpd,float64,231,0.332030127,0,0.016939891,0.002124305,,
credit_num_mtg_90to119dpd,float64,231,0.332030127,0,0.010825688,0.000929169,,
credit_num_mtg_collections,float64,231,0.332030127,0,0.065025282,0.00317885,,
credit_num_mtg_severederog,float64,231,0.332030127,0,0.063393602,0.001676405,,
credit_num_mtgcredit_new,float64,231,0.332030127,2.15E-05,0.232588235,0.058706641,,
credit_num_nonagn1stmorg_30to59dpd,float64,231,0.332030127,0,0.030540541,0.002678113,,
credit_num_nonagn1stmorg_60to89dpd,float64,231,0.332030127,0,0.0125,0.001005338,,
credit_num_nonagn1stmorg_90to119dp,float64,231,0.332030127,0,0.007364532,0.000363425,,
credit_num_nonagn1stmorg_bankruptc,float64,232,0.333467487,0,0.017800224,0.001038193,,
credit_num_nonagn1stmorg_collectio,float64,231,0.332030127,0,0.01625,0.001381383,,
credit_num_nonmtgcredit_60dpd,float64,231,0.332030127,0.075074257,1.70443314,0.570999289,,
credit_num_studentloan,float64,231,0.332030127,0.133532203,4.330207914,1.216211692,,
credit_num_studentloan_60dpd,float64,231,0.332030127,9.30E-05,1.060794297,0.200059127,,
credit_num_totalallcredit_collections,float64,231,0.332030127,7.73E-05,0.423711628,0.106717009,,
credit_num_totalallcredit_severederog,float64,231,0.332030127,0.041538462,1.357202381,0.396131865,,
credit_prcnt_agencyfirstmtg,float64,231,0.332030127,12.51282051,88.30453564,58.80196671,,
credit_prcnt_autobank,float64,231,0.332030127,26.97285507,71.60727969,57.8048013,,
credit_prcnt_mtgcredit,float64,231,0.332030127,30.49899339,88.13162119,61.93125587,,
credit_prcnt_nonagnfirstmtg,float64,231,0.332030127,16.25849882,87.40166577,48.60608415,,
dcsi_score,int64,0,0,0,10,1.778962801,,
est_age,int64,0,0,18,101,70.81567297,,
fci_score,int64,0,0,0,12,3.330535273,,
hcc_weighted_sum,int64,0,0,0,20,2.681251078,,
hedis_ami,object,69339,99.66509515,,,,3,high
hedis_cmc_ldc_c_control,object,54932,78.95705169,,,,4,univer
hedis_cmc_ldc_c_screen,object,54930,78.95417697,,,,,
hedis_dia_eye,object,1092,1.569596964,,,,,
hedis_dia_hba1c_ge9,object,1093,1.571034324,,,,,
hedis_dia_hba1c_test,object,1095,1.573909044,,,,,
hedis_dia_ldc_c_control,object,1093,1.571034324,,,,,
hedis_dia_ldc_c_screen,object,1093,1.571034324,,,,,
hedis_dia_ma_nephr,object,1094,1.572471684,,,,,
hlth_pgm_slvrsnkr_par_status,int64,0,0,0,1,0.309247973,,
hlth_pgm_slvrsnkr_pct_par,float64,0,0,0,1,0.305104579,,
hlth_pgm_slvrsnkr_refer_status,int64,0,0,0,0,0,,
lab_abn_result_ind,int64,0,0,0,1,0.6094837,,
lab_bnp_abn_result_ind,int64,0,0,0,1,0.006252515,,
lab_bun_abn_result_ind,int64,0,0,0,1,0.10912436,,
lab_cholesterol_abn_result_ind,int64,0,0,0,1,0.16907664,,
lab_creatinine_abn_result_ind,int64,0,0,0,1,0.203990111,,
lab_egfr_abn_result_ind,int64,0,0,0,1,0.136247341,,
lab_hba1_c_abn_result_ind,int64,0,0,0,0,0,,
lab_hemoglobin_abn_result_ind,int64,0,0,0,1,0.153150693,,
lang_spoken_cd,object,0,0,,,,,
mabh_seg,object,0,0,,,,,
med_ambulance_visit_ct_pmpm,float64,0,0,0,19.25,0.05650612,,
med_er_visit_ct_pmpm,float64,0,0,0,2.037142907,0.032147012,,
med_ip_acute_admit_ct_pmpm,float64,0,0,0,0.833333333,0.011260981,,
med_ip_acute_admit_days_pmpm,float64,0,0,0,7.25,0.045453778,,
med_ip_ltach_admit_ct_pmpm,float64,0,0,0,0,0,,
med_ip_ltach_admit_days_pmpm,float64,0,0,0,0,0,,
med_ip_maternity_admit_ct_pmpm,float64,0,0,0,0,0,,
med_ip_maternity_admit_days_pmpm,float64,0,0,0,0,0,,
med_ip_mhsa_admit_ct_pmpm,float64,0,0,0,0,0,,
med_ip_mhsa_admit_days_pmpm,float64,0,0,0,0,0,,
med_ip_rehab_admit_ct_pmpm,float64,0,0,0,0.083333333,2.87E-05,,
med_ip_rehab_admit_days_pmpm,float64,0,0,0,2.333333333,0.00021187,,
med_ip_snf_admit_ct_pmpm,float64,0,0,0,0.3,0.001396107,,
med_ip_snf_admit_days_pmpm,float64,0,0,0,11.4239794,0.022328794,,
med_outpatient_visit_ct_pmpm,float64,0,0,0,19.66666667,0.50168307,,
med_physician_office_visit_ct_pmpm,float64,0,0,0,5.416666667,0.625553506,,
med_urgent_care_visit_ct_pmpm,float64,0,0,0,0.8,0.008304144,,
pdc_ast,float64,0,0,0.06629834,1.1,1.070957198,,
pdc_cvd,float64,0,0,0.17391305,1.1,1.091748684,,
pdc_dep,float64,0,0,0.09063444,1.1,1.058866869,,
pdc_dia,float64,0,0,0.17391305,1.1,1.076165346,,
pdc_hf,float64,0,0,0.09375,1.1,1.023307654,,
pdc_ht,float64,0,0,0.09375,1.1,1.024400912,,
pdc_lip,float64,0,0,0.17045455,1.1,1.04189645,,
pdc_ost,float64,0,0,0.18508287,1.1,1.09289596,,
person_id_syn,object,0,0,,,,,
phy_em_pe_ind,int64,0,0,0,1,0.299675157,,
phy_em_pi_ind,int64,0,0,0,1,0.155493589,,
phy_em_px_ind,int64,0,0,0,1,0.968823665,,
prov_fb_ind,int64,0,0,0,1,0.803886621,,
prov_pcp_ind,int64,0,0,0,1,0.942333123,,
prov_sp_ind,int64,0,0,0,1,0.942793078,,
prov_spec_addiction_all_ind,int64,0,0,0,1,0.177312712,,
prov_spec_ambulance_ind,int64,0,0,0,1,0.127436325,,
prov_spec_bh_psychiatric_ind,int64,0,0,0,1,0.128629334,,
prov_spec_chiropractic_ind,int64,0,0,0,1,0.030371414,,
prov_spec_home_health_ind,int64,0,0,0,1,0.066980969,,
prov_spec_med_supply_ind,int64,0,0,0,1,0.162134192,,
prov_spec_nurse_phy_assist_ind,int64,0,0,0,1,0.448988099,,
prov_spec_pain_mgmt_ind,int64,0,0,0,1,0.071264302,,
prov_spec_phy_general_ind,int64,0,0,0,1,0.727030989,,
prov_spec_phy_geriatric_ind,int64,0,0,0,1,0.004455816,,
rev_cms_ambul_ind,int64,0,0,0,1,0.001250503,,
rev_cms_clinic_ind,int64,0,0,0,1,0.161343644,,
rev_cms_er_ind,int64,0,0,0,1,0.297547864,,
rev_cms_icu_ind,int64,0,0,0,1,0.042315874,,
rev_cms_lab_ind,int64,0,0,0,1,0.503837751,,
rev_cms_nicu_ind,int64,0,0,0,0,0,,
rev_cms_phar_ind,int64,0,0,0,1,0.400362215,,
rucc_category,object,0,0,,,,,
rx_bh_ind,int64,0,0,0,1,0.396855057,,
rx_bh_pmpm_ct,float64,0,0,0,11.585858,0.297786224,,
rx_branded_ind,int64,0,0,0,1,0.758911631,,
rx_branded_pmpm_ct,float64,0,0,0,14.730539,0.899015553,,
rx_generic_ind,int64,0,0,0,1,0.929138159,,
rx_generic_pmpm_ct,float64,0,0,0,33.666668,2.373874088,,
rx_gpi2_01_ind,int64,0,0,0,1,0.170743977,,
rx_gpi2_01_pmpm_ct,float64,0,0,0,0.8686411,0.021388143,,
rx_gpi2_02_ind,int64,0,0,0,1,0.134263784,,
rx_gpi2_02_pmpm_ct,float64,0,0,0,1,0.014878768,,
rx_gpi2_03_ind,int64,0,0,0,1,0.120982579,,
rx_gpi2_03_pmpm_ct,float64,0,0,0,1.0628572,0.014415172,,
rx_gpi2_04_ind,int64,0,0,0,1,0.084617375,,
rx_gpi2_04_pmpm_ct,float64,0,0,0,1,0.010049972,,
rx_gpi2_05_ind,int64,0,0,0,1,0.125840856,,
rx_gpi2_05_pmpm_ct,float64,0,0,0,0.8333333,0.014532625,,
rx_gpi2_07_ind,int64,0,0,0,1,0.000704306,,
rx_gpi2_07_pmpm_ct,float64,0,0,0,0.2,6.24E-05,,
rx_gpi2_08_ind,int64,0,0,0,0,0,,
rx_gpi2_08_pmpm_ct,float64,0,0,0,0,0,,
rx_gpi2_09_ind,int64,0,0,0,1,0.000301846,,
rx_gpi2_09_pmpm_ct,float64,0,0,0,0.083333336,2.52E-05,,
rx_gpi2_11_ind,int64,0,0,0,1,0.056459495,,
rx_gpi2_11_pmpm_ct,float64,0,0,0,1.2329546,0.007453595,,
rx_gpi2_12_ind,int64,0,0,0,1,0.052219284,,
rx_gpi2_12_pmpm_ct,float64,0,0,0,4.285714,0.009245541,,
rx_gpi2_13_ind,int64,0,0,0,1,0.006367504,,
rx_gpi2_13_pmpm_ct,float64,0,0,0,1,0.002140818,,
rx_gpi2_14_ind,int64,0,0,0,0,0,,
rx_gpi2_14_pmpm_ct,float64,0,0,0,0,0,,
rx_gpi2_15_ind,int64,0,0,0,1,5.75E-05,,
rx_gpi2_15_pmpm_ct,float64,0,0,0,0.083333336,4.79E-06,,
rx_gpi2_16_ind,int64,0,0,0,1,0.121773127,,
rx_gpi2_16_pmpm_ct,float64,0,0,0,1.35,0.014763772,,
rx_gpi2_17_ind,int64,0,0,0,1,0.264373599,,
rx_gpi2_17_pmpm_ct,float64,0,0,0,0.98915714,0.031091337,,
rx_gpi2_18_ind,int64,0,0,0,1,0.009213477,,
rx_gpi2_18_pmpm_ct,float64,0,0,0,0.2,0.00077473,,
rx_gpi2_19_ind,int64,0,0,0,0,0,,
rx_gpi2_19_pmpm_ct,float64,0,0,0,0,0,,
rx_gpi2_20_ind,int64,0,0,0,0,0,,
rx_gpi2_20_pmpm_ct,float64,0,0,0,0,0,,
rx_gpi2_21_ind,int64,0,0,0,1,0.025196918,,
rx_gpi2_21_pmpm_ct,float64,0,0,0,1.9666667,0.008962449,,
rx_gpi2_22_ind,int64,0,0,0,1,0.210285747,,
rx_gpi2_22_pmpm_ct,float64,0,0,0,2.3333333,0.033389817,,
rx_gpi2_23_ind,int64,0,0,0,1,0.001624217,,
rx_gpi2_23_pmpm_ct,float64,0,0,0,1.0833334,0.000340923,,
rx_gpi2_24_ind,int64,0,0,0,1,0.009242224,,
rx_gpi2_24_pmpm_ct,float64,0,0,0,1.5584416,0.003122511,,
rx_gpi2_25_ind,int64,0,0,0,1,0.00091991,,
rx_gpi2_25_pmpm_ct,float64,0,0,0,1.1666666,0.0003172,,
rx_gpi2_26_ind,int64,0,0,0,1,0.001121141,,
rx_gpi2_26_pmpm_ct,float64,0,0,0,1,0.000246057,,
rx_gpi2_27_ind,int64,0,0,0,1,0.232924165,,
rx_gpi2_27_pmpm_ct,float64,0,0,0,6.3333335,0.146127431,,
rx_gpi2_28_ind,int64,0,0,0,1,0.18948715,,
rx_gpi2_28_pmpm_ct,float64,0,0,0,1.9770566,0.074599268,,
rx_gpi2_29_ind,int64,0,0,0,0,0,,
rx_gpi2_29_pmpm_ct,float64,0,0,0,0,0,,
rx_gpi2_30_ind,int64,0,0,0,1,0.065011786,,
rx_gpi2_30_pmpm_ct,float64,0,0,0,1.7045454,0.018983312,,
rx_gpi2_31_ind,int64,0,0,0,1,0.00431208,,
rx_gpi2_31_pmpm_ct,float64,0,0,0,0.9,0.001273794,,
rx_gpi2_32_ind,int64,0,0,0,1,0.055611453,,
rx_gpi2_32_pmpm_ct,float64,0,0,0,2.0833333,0.014898169,,
rx_gpi2_33_ind,int64,0,0,0,1,0.312108319,,
rx_gpi2_33_pmpm_ct,float64,0,0,0,2,0.115105316,,
rx_gpi2_34_ind,int64,0,0,0,1,0.280529523,,
rx_gpi2_34_pmpm_ct,float64,0,0,0,2.516917,0.099792659,,
rx_gpi2_35_ind,int64,0,0,0,1,0.01246191,,
rx_gpi2_35_pmpm_ct,float64,0,0,0,1.0833334,0.003592703,,
rx_gpi2_36_ind,int64,0,0,0,1,0.524291382,,
rx_gpi2_36_pmpm_ct,float64,0,0,0,3.556606,0.209587691,,
rx_gpi2_37_ind,int64,0,0,0,1,0.306962571,,
rx_gpi2_37_pmpm_ct,float64,0,0,0,3,0.110769951,,
rx_gpi2_38_ind,int64,0,0,0,1,0.003047203,,
rx_gpi2_38_pmpm_ct,float64,0,0,0,0.6106606,0.000305517,,
rx_gpi2_39_ind,int64,0,0,0,1,0.539412407,,
rx_gpi2_39_pmpm_ct,float64,0,0,0,3.55523,0.196723515,,
rx_gpi2_40_ind,int64,0,0,0,1,0.009055367,,
rx_gpi2_40_pmpm_ct,float64,0,0,0,1.9166666,0.002314239,,
rx_gpi2_41_ind,int64,0,0,0,1,0.041482205,,
rx_gpi2_41_pmpm_ct,float64,0,0,0,2,0.010396842,,
rx_gpi2_42_ind,int64,0,0,0,1,0.140372564,,
rx_gpi2_42_pmpm_ct,float64,0,0,0,1.8333334,0.031598493,,
rx_gpi2_43_ind,int64,0,0,0,1,0.067225321,,
rx_gpi2_43_pmpm_ct,float64,0,0,0,0.8670521,0.007415735,,
rx_gpi2_44_ind,int64,0,0,0,1,0.210587593,,
rx_gpi2_44_pmpm_ct,float64,0,0,0,6.2000003,0.107075645,,
rx_gpi2_45_ind,int64,0,0,0,0,0,,
rx_gpi2_45_pmpm_ct,float64,0,0,0,0,0,,
rx_gpi2_46_ind,int64,0,0,0,1,0.061633991,,
rx_gpi2_46_pmpm_ct,float64,0,0,0,0.9,0.005802031,,
rx_gpi2_47_ind,int64,0,0,0,1,0.00743115,,
rx_gpi2_47_pmpm_ct,float64,0,0,0,0.8633633,0.000823753,,
rx_gpi2_48_ind,int64,0,0,0,1,0.00071868,,
rx_gpi2_48_pmpm_ct,float64,0,0,0,0.40666068,7.13E-05,,
rx_gpi2_49_ind,int64,0,0,0,1,0.346145001,,
rx_gpi2_49_pmpm_ct,float64,0,0,0,3.5769231,0.123126878,,
rx_gpi2_50_ind,int64,0,0,0,1,0.070373139,,
rx_gpi2_50_pmpm_ct,float64,0,0,0,1.7971014,0.010907856,,
rx_gpi2_51_ind,int64,0,0,0,1,0.000229978,,
rx_gpi2_51_pmpm_ct,float64,0,0,0,0.6,4.52E-05,,
rx_gpi2_52_ind,int64,0,0,0,1,0.02061174,,
rx_gpi2_52_pmpm_ct,float64,0,0,0,1.7045454,0.005274435,,
rx_gpi2_53_ind,int64,0,0,0,1,0.043681366,,
rx_gpi2_53_pmpm_ct,float64,0,0,0,0.95,0.004825854,,
rx_gpi2_54_ind,int64,0,0,0,1,0.038003795,,
rx_gpi2_54_pmpm_ct,float64,0,0,0,1.7918547,0.011590368,,
rx_gpi2_55_ind,int64,0,0,0,1,0.005921923,,
rx_gpi2_55_pmpm_ct,float64,0,0,0,0.9166667,0.000738576,,
rx_gpi2_56_ind,int64,0,0,0,1,0.099724027,,
rx_gpi2_56_pmpm_ct,float64,0,0,0,2.330827,0.033760542,,
rx_gpi2_57_ind,int64,0,0,0,1,0.145604554,,
rx_gpi2_57_pmpm_ct,float64,0,0,0,2.6666665,0.060644049,,
rx_gpi2_58_ind,int64,0,0,0,1,0.30276548,,
rx_gpi2_58_pmpm_ct,float64,0,0,0,5.3932586,0.158086025,,
rx_gpi2_59_ind,int64,0,0,0,1,0.036278963,,
rx_gpi2_59_pmpm_ct,float64,0,0,0,3.5339315,0.017277131,,
rx_gpi2_60_ind,int64,0,0,0,1,0.038320014,,
rx_gpi2_60_pmpm_ct,float64,0,0,0,1.9666667,0.014789449,,
rx_gpi2_61_ind,int64,0,0,0,1,0.005763813,,
rx_gpi2_61_pmpm_ct,float64,0,0,0,2,0.00250176,,
rx_gpi2_62_ind,int64,0,0,0,1,0.025498764,,
rx_gpi2_62_pmpm_ct,float64,0,0,0,2.25,0.007821965,,
rx_gpi2_64_ind,int64,0,0,0,1,0.007833611,,
rx_gpi2_64_pmpm_ct,float64,0,0,0,1.4166666,0.001919993,,
rx_gpi2_65_ind,int64,0,0,0,1,0.311777727,,
rx_gpi2_65_pmpm_ct,float64,0,0,0,5.6666665,0.136031468,,
rx_gpi2_66_ind,int64,0,0,0,1,0.254110849,,
rx_gpi2_66_pmpm_ct,float64,0,0,0,1.9833333,0.067237292,,
rx_gpi2_67_ind,int64,0,0,0,1,0.006324383,,
rx_gpi2_67_pmpm_ct,float64,0,0,0,1.6909091,0.001730237,,
rx_gpi2_68_ind,int64,0,0,0,1,0.046024263,,
rx_gpi2_68_pmpm_ct,float64,0,0,0,1.8333334,0.015230657,,
rx_gpi2_69_ind,int64,0,0,0,0,0,,
rx_gpi2_69_pmpm_ct,float64,0,0,0,0,0,,
rx_gpi2_70_ind,int64,0,0,0,0,0,,
rx_gpi2_70_pmpm_ct,float64,0,0,0,0,0,,
rx_gpi2_72_ind,int64,0,0,0,1,0.270151785,,
rx_gpi2_72_pmpm_ct,float64,0,0,0,5.2173915,0.133890231,,
rx_gpi2_73_ind,int64,0,0,0,1,0.030299546,,
rx_gpi2_73_pmpm_ct,float64,0,0,0,2.5833333,0.012085023,,
rx_gpi2_74_ind,int64,0,0,0,1,1.44E-05,,
rx_gpi2_74_pmpm_ct,float64,0,0,0,0.083333336,1.20E-06,,
rx_gpi2_75_ind,int64,0,0,0,1,0.128384982,,
rx_gpi2_75_pmpm_ct,float64,0,0,0,2.9333334,0.041845615,,
rx_gpi2_76_ind,int64,0,0,0,0,0,,
rx_gpi2_76_pmpm_ct,float64,0,0,0,0,0,,
rx_gpi2_77_ind,int64,0,0,0,1,0.01825447,,
rx_gpi2_77_pmpm_ct,float64,0,0,0,1.1366367,0.004170849,,
rx_gpi2_78_ind,int64,0,0,0,1,0.00015811,,
rx_gpi2_78_pmpm_ct,float64,0,0,0,0.5,3.79E-05,,
rx_gpi2_79_ind,int64,0,0,0,1,0.092752832,,
rx_gpi2_79_pmpm_ct,float64,0,0,0,2,0.027127976,,
rx_gpi2_80_ind,int64,0,0,0,0,0,,
rx_gpi2_80_pmpm_ct,float64,0,0,0,0,0,,
rx_gpi2_81_ind,int64,0,0,0,0,0,,
rx_gpi2_81_pmpm_ct,float64,0,0,0,0,0,,
rx_gpi2_82_ind,int64,0,0,0,1,0.029983327,,
rx_gpi2_82_pmpm_ct,float64,0,0,0,1.0833333,0.007387266,,
rx_gpi2_83_ind,int64,0,0,0,1,0.089015696,,
rx_gpi2_83_pmpm_ct,float64,0,0,0,2,0.036729952,,
rx_gpi2_84_ind,int64,0,0,0,0,0,,
rx_gpi2_84_pmpm_ct,float64,0,0,0,0,0,,
rx_gpi2_85_ind,int64,0,0,0,1,0.073650319,,
rx_gpi2_85_pmpm_ct,float64,0,0,0,2.093023,0.025260903,,
rx_gpi2_86_ind,int64,0,0,0,1,0.165957569,,
rx_gpi2_86_pmpm_ct,float64,0,0,0,3.3224456,0.061157277,,
rx_gpi2_87_ind,int64,0,0,0,1,0.014201115,,
rx_gpi2_87_pmpm_ct,float64,0,0,0,0.4,0.001265616,,
rx_gpi2_88_ind,int64,0,0,0,1,0.030443282,,
rx_gpi2_88_pmpm_ct,float64,0,0,0,0.98733336,0.003489572,,
rx_gpi2_89_ind,int64,0,0,0,1,0.001854194,,
rx_gpi2_89_pmpm_ct,float64,0,0,0,0.62,0.000178736,,
rx_gpi2_90_ind,int64,0,0,0,1,0.224501236,,
rx_gpi2_90_pmpm_ct,float64,0,0,0,3.1677861,0.052493324,,
rx_gpi2_92_ind,int64,0,0,0,0,0,,
rx_gpi2_92_pmpm_ct,float64,0,0,0,0,0,,
rx_gpi2_93_ind,int64,0,0,0,1,0.005476341,,
rx_gpi2_93_pmpm_ct,float64,0,0,0,0.8181818,0.000518917,,
rx_gpi2_94_ind,int64,0,0,0,1,0.153998735,,
rx_gpi2_94_pmpm_ct,float64,0,0,0,1.25,0.039563349,,
rx_gpi2_95_ind,int64,0,0,0,0,0,,
rx_gpi2_95_pmpm_ct,float64,0,0,0,0,0,,
rx_gpi2_96_ind,int64,0,0,0,0,0,,
rx_gpi2_96_pmpm_ct,float64,0,0,0,0,0,,
rx_gpi2_97_ind,int64,0,0,0,1,0.154659921,,
rx_gpi2_97_pmpm_ct,float64,0,0,0,2.251953,0.055566386,,
rx_gpi2_98_ind,int64,0,0,0,0,0,,
rx_gpi2_98_pmpm_ct,float64,0,0,0,0,0,,
rx_gpi2_99_ind,int64,0,0,0,1,0.002026677,,
rx_gpi2_99_pmpm_ct,float64,0,0,0,1.7166666,0.000640814,,
rx_mail_ind,int64,0,0,0,1,0.87425976,,
rx_mail_pmpm_ct,float64,0,0,0,19.833332,1.886520822,,
rx_maint_ind,int64,0,0,0,1,0.898206175,,
rx_maint_pmpm_ct,float64,0,0,0,26.9,1.877346811,,
rx_otc_ind,int64,0,0,0,1,0.217141954,,
rx_otc_pmpm_ct,float64,0,0,0,4.225352,0.104824852,,
rx_overall_pmpm_ct,float64,0,0,0,39.642857,3.177430842,,
sex_cd,object,0,0,,,,,
smoker_current_ind,int64,0,0,0,1,0.134824355,,
smoker_former_ind,int64,0,0,0,1,0.144368424,,
src_platform_cd,object,0,0,,,,,
state_cd,object,0,0,,,,,
submcc_ano_cns_ind,int64,0,0,0,1,0.000172483,,
submcc_ano_cns_pmpm_ct,float64,0,0,0,0.8,3.05E-05,,
submcc_ano_dig_ind,int64,0,0,0,1,0.001106767,,
submcc_ano_dig_pmpm_ct,float64,0,0,0,0.31533432,0.000114352,,
submcc_ano_gu_ind,int64,0,0,0,1,0.000488702,,
submcc_ano_gu_pmpm_ct,float64,0,0,0,0.4,6.38E-05,,
submcc_ano_hrt_ind,int64,0,0,0,1,0.003923992,,
submcc_ano_hrt_pmpm_ct,float64,0,0,0,1.1666666,0.000548908,,
submcc_ano_mus_ind,int64,0,0,0,1,0.001911689,,
submcc_ano_mus_pmpm_ct,float64,0,0,0,0.6,0.000209504,,
submcc_ano_othr_ind,int64,0,0,0,1,0.004887024,,
submcc_ano_othr_pmpm_ct,float64,0,0,0,1,0.000485909,,
submcc_ben_lymp_ind,int64,0,0,0,0,0,,
submcc_ben_lymp_pmpm_ct,float64,0,0,0,0,0,,
submcc_ben_ner_ind,int64,0,0,0,1,0.001926062,,
submcc_ben_ner_pmpm_ct,float64,0,0,0,1,0.000344823,,
submcc_ben_othr_ind,int64,0,0,0,1,0.17107457,,
submcc_ben_othr_pmpm_ct,float64,0,0,0,2.6666667,0.03349021,,
submcc_ben_unk_ind,int64,0,0,0,1,0.000891163,,
submcc_ben_unk_pmpm_ct,float64,0,0,0,1.2,0.000161042,,
submcc_bld_anem_ind,int64,0,0,0,1,0.16855919,,
submcc_bld_anem_pmpm_ct,float64,0,0,0,11,0.063748937,,
submcc_bld_othr_ind,int64,0,0,0,1,0.0892313,,
submcc_bld_othr_pmpm_ct,float64,0,0,0,9,0.023997826,,
submcc_brn_acc_ind,int64,0,0,0,0,0,,
submcc_brn_acc_pmpm_ct,float64,0,0,0,0,0,,
submcc_brn_othr_ind,int64,0,0,0,1,0.000388087,,
submcc_brn_othr_pmpm_ct,float64,0,0,0,0.5,6.20E-05,,
submcc_cad_ang_ind,int64,0,0,0,1,0.031219456,,
submcc_cad_ang_pmpm_ct,float64,0,0,0,0.98333335,0.005355273,,
submcc_cad_ashd_ind,int64,0,0,0,1,0.228683953,,
submcc_cad_ashd_pmpm_ct,float64,0,0,0,9.25,0.11952686,,
submcc_cad_cabg_ind,int64,0,0,0,1,0.02927902,,
submcc_cad_cabg_pmpm_ct,float64,0,0,0,4.1725826,0.007046791,,
submcc_cad_fh/ho_ind,int64,0,0,0,0,0,,
submcc_cad_fh/ho_pmpm_ct,float64,0,0,0,0,0,,
submcc_cad_isch_ind,int64,0,0,0,1,0.05799747,,
submcc_cad_isch_pmpm_ct,float64,0,0,0,2.0972993,0.010841189,,
submcc_cad_mi_ind,int64,0,0,0,1,0.008638533,,
submcc_cad_mi_pmpm_ct,float64,0,0,0,3.3833334,0.002819151,,
submcc_cad_ptca_ind,int64,0,0,0,1,0.036063359,,
submcc_cad_ptca_pmpm_ct,float64,0,0,0,2.313853,0.006990384,,
submcc_can_brst_ind,int64,0,0,0,1,0.01158512,,
submcc_can_brst_pmpm_ct,float64,0,0,0,5.3333335,0.005773947,,
submcc_can_dig_ind,int64,0,0,0,1,0.006439372,,
submcc_can_dig_pmpm_ct,float64,0,0,0,9,0.002735273,,
submcc_can_end_ind,int64,0,0,0,1,0.000531823,,
submcc_can_end_pmpm_ct,float64,0,0,0,1,0.000231593,,
submcc_can_gu_ind,int64,0,0,0,1,0.034597252,,
submcc_can_gu_pmpm_ct,float64,0,0,0,9.333333,0.01885063,,
submcc_can_h/n_ind,int64,0,0,0,1,0.000416834,,
submcc_can_h/n_pmpm_ct,float64,0,0,0,8.985507,0.000242367,,
submcc_can_h/o_ind,int64,0,0,0,1,0.133372621,,
submcc_can_h/o_pmpm_ct,float64,0,0,0,5.558,0.028968141,,
submcc_can_leuk_ind,int64,0,0,0,1,0.000503076,,
submcc_can_leuk_pmpm_ct,float64,0,0,0,4,0.000345426,,
submcc_can_lymp_ind,int64,0,0,0,1,0.00287472,,
submcc_can_lymp_pmpm_ct,float64,0,0,0,9,0.001454478,,
submcc_can_ner_ind,int64,0,0,0,1,0.000100615,,
submcc_can_ner_pmpm_ct,float64,0,0,0,0.0885,3.98E-06,,
submcc_can_othr_ind,int64,0,0,0,1,0.11000115,,
submcc_can_othr_pmpm_ct,float64,0,0,0,1.6333333,0.017074249,,
submcc_can_res_ind,int64,0,0,0,1,0.002141666,,
submcc_can_res_pmpm_ct,float64,0,0,0,4,0.001502284,,
submcc_can_sec_ind,int64,0,0,0,1,0.002098545,,
submcc_can_sec_pmpm_ct,float64,0,0,0,4.0833335,0.001119801,,
submcc_can_skn_ind,int64,0,0,0,1,0.041568447,,
submcc_can_skn_pmpm_ct,float64,0,0,0,2,0.010298524,,
submcc_cer_hem_ind,int64,0,0,0,1,0.002644742,,
submcc_cer_hem_pmpm_ct,float64,0,0,0,2,0.000737417,,
submcc_cer_occ_ind,int64,0,0,0,1,0.096274363,,
submcc_cer_occ_pmpm_ct,float64,0,0,0,4.0833335,0.022734401,,
submcc_cer_seq_ind,int64,0,0,0,1,0.02400391,,
submcc_cer_seq_pmpm_ct,float64,0,0,0,3.75,0.005349428,,
submcc_cer_tia_ind,int64,0,0,0,1,0.01461795,,
submcc_cer_tia_pmpm_ct,float64,0,0,0,1.0833334,0.00233125,,
submcc_cir_anur_ind,int64,0,0,0,1,0.019102513,,
submcc_cir_anur_pmpm_ct,float64,0,0,0,2,0.005087137,,
submcc_cir_art_ind,int64,0,0,0,1,0.130742253,,
submcc_cir_art_pmpm_ct,float64,0,0,0,4,0.029234077,,
submcc_cir_hbp_ind,int64,0,0,0,1,0.761153912,,
submcc_cir_hbp_pmpm_ct,float64,0,0,0,12.25,0.459100071,,
submcc_cir_othr_ind,int64,0,0,0,1,0.448197551,,
submcc_cir_othr_pmpm_ct,float64,0,0,0,9.867536,0.154859251,,
submcc_dia_eye_ind,int64,0,0,0,1,0.047361007,,
submcc_dia_eye_pmpm_ct,float64,0,0,0,1.8666666,0.010261943,,
submcc_dia_nep_ind,int64,0,0,0,1,0.100629564,,
submcc_dia_nep_pmpm_ct,float64,0,0,0,6.233333,0.041836181,,
submcc_dia_neu_ind,int64,0,0,0,1,0.124504111,,
submcc_dia_neu_pmpm_ct,float64,0,0,0,6,0.050812832,,
submcc_dia_othr_ind,int64,0,0,0,1,0.328867935,,
submcc_dia_othr_pmpm_ct,float64,0,0,0,13.6524725,0.209620114,,
submcc_dia_pvd_ind,int64,0,0,0,1,0.065112402,,
submcc_dia_pvd_pmpm_ct,float64,0,0,0,6.266667,0.017104665,,
submcc_dig_lgi_ind,int64,0,0,0,1,0.255088254,,
submcc_dig_lgi_pmpm_ct,float64,0,0,0,7.6545787,0.076470602,,
submcc_dig_liv_ind,int64,0,0,0,1,0.054087851,,
submcc_dig_liv_pmpm_ct,float64,0,0,0,8.75,0.013562746,,
submcc_dig_othr_ind,int64,0,0,0,1,0.090007474,,
submcc_dig_othr_pmpm_ct,float64,0,0,0,3,0.021998761,,
submcc_dig_p/b_ind,int64,0,0,0,1,0.028761571,,
submcc_dig_p/b_pmpm_ct,float64,0,0,0,1.9666666,0.006592659,,
submcc_dig_ugi_ind,int64,0,0,0,1,0.400520324,,
submcc_dig_ugi_pmpm_ct,float64,0,0,0,7.9,0.122746865,,
submcc_end_gld_ind,int64,0,0,0,1,0.035129075,,
submcc_end_gld_pmpm_ct,float64,0,0,0,2.95,0.008514274,,
submcc_end_meta_ind,int64,0,0,0,1,0.205053757,,
submcc_end_meta_pmpm_ct,float64,0,0,0,10,0.061700281,,
submcc_end_nutr_ind,int64,0,0,0,1,0.252371644,,
submcc_end_nutr_pmpm_ct,float64,0,0,0,5.7272553,0.055282784,,
submcc_end_othr_ind,int64,0,0,0,1,0.000963031,,
submcc_end_othr_pmpm_ct,float64,0,0,0,0.8942308,0.000230046,,
submcc_end_thy_ind,int64,0,0,0,1,0.248577014,,
submcc_end_thy_pmpm_ct,float64,0,0,0,4.6666665,0.096669394,,
submcc_gus_brst_ind,int64,0,0,0,1,0.029207152,,
submcc_gus_brst_pmpm_ct,float64,0,0,0,1.4166067,0.005062387,,
submcc_gus_fem_ind,int64,0,0,0,1,0.072026102,,
submcc_gus_fem_pmpm_ct,float64,0,0,0,1.9749836,0.014521149,,
submcc_gus_kub_ind,int64,0,0,0,1,0.264603576,,
submcc_gus_kub_pmpm_ct,float64,0,0,0,9.083333,0.106932925,,
submcc_gus_male_ind,int64,0,0,0,1,0.177283965,,
submcc_gus_male_pmpm_ct,float64,0,0,0,4.616667,0.046664132,,
submcc_gus_othr_ind,int64,0,0,0,1,0.239104812,,
submcc_gus_othr_pmpm_ct,float64,0,0,0,3.65,0.047929671,,
submcc_hdz_arrh_ind,int64,0,0,0,1,0.210300121,,
submcc_hdz_arrh_pmpm_ct,float64,0,0,0,9.333333,0.119130351,,
submcc_hdz_it_i_ind,int64,0,0,0,0,0,,
submcc_hdz_it_i_pmpm_ct,float64,0,0,0,0,0,,
submcc_hdz_it_is_ind,int64,0,0,0,1,0.001882941,,
submcc_hdz_it_is_pmpm_ct,float64,0,0,0,0.66066664,0.000282878,,
submcc_hdz_myop_ind,int64,0,0,0,1,0.030831369,,
submcc_hdz_myop_pmpm_ct,float64,0,0,0,4,0.01151708,,
submcc_hdz_othr_ind,int64,0,0,0,1,0.08615535,,
submcc_hdz_othr_pmpm_ct,float64,0,0,0,4.1666665,0.02284906,,
submcc_hdz_surg_ind,int64,0,0,0,0,0,,
submcc_hdz_surg_pmpm_ct,float64,0,0,0,0,0,,
submcc_hdz_valv_ind,int64,0,0,0,1,0.108420054,,
submcc_hdz_valv_pmpm_ct,float64,0,0,0,3.8558419,0.02328024,,
submcc_hiv_kapo_ind,int64,0,0,0,0,0,,
submcc_hiv_kapo_pmpm_ct,float64,0,0,0,0,0,,
submcc_hiv_othr_ind,int64,0,0,0,1,0.000574944,,
submcc_hiv_othr_pmpm_ct,float64,0,0,0,2.1903875,0.000366075,,
submcc_hiv_pcp_ind,int64,0,0,0,0,0,,
submcc_hiv_pcp_pmpm_ct,float64,0,0,0,0,0,,
submcc_inf_cand_ind,int64,0,0,0,1,0.000215604,,
submcc_inf_cand_pmpm_ct,float64,0,0,0,0.2,2.05E-05,,
submcc_inf_men_ind,int64,0,0,0,0,0,,
submcc_inf_men_pmpm_ct,float64,0,0,0,0,0,,
submcc_inf_myco_ind,int64,0,0,0,1,0.000129362,,
submcc_inf_myco_pmpm_ct,float64,0,0,0,0.5,2.30E-05,,
submcc_inf_othr_ind,int64,0,0,0,1,0.18297591,,
submcc_inf_othr_pmpm_ct,float64,0,0,0,5.0833335,0.041126032,,
submcc_inf_sep_ind,int64,0,0,0,1,0.009529696,,
submcc_inf_sep_pmpm_ct,float64,0,0,0,3.9666667,0.003652203,,
submcc_inj_comp_ind,int64,0,0,0,1,1.44E-05,,
submcc_inj_comp_pmpm_ct,float64,0,0,0,0.083333336,1.20E-06,,
submcc_inj_drug_ind,int64,0,0,0,1,0.068346461,,
submcc_inj_drug_pmpm_ct,float64,0,0,0,2.3,0.010612806,,
submcc_inj_org_ind,int64,0,0,0,1,0.096993043,,
submcc_inj_org_pmpm_ct,float64,0,0,0,6.948276,0.030080733,,
submcc_inj_othr_ind,int64,0,0,0,1,0.226053585,,
submcc_inj_othr_pmpm_ct,float64,0,0,0,8.9840765,0.061342749,,
submcc_men_abus_ind,int64,0,0,0,1,0.056890703,,
submcc_men_abus_pmpm_ct,float64,0,0,0,4,0.014111669,,
submcc_men_alco_ind,int64,0,0,0,1,0.027812913,,
submcc_men_alco_pmpm_ct,float64,0,0,0,2.3366666,0.005237931,,
submcc_men_depr_ind,int64,0,0,0,1,0.267032714,,
submcc_men_depr_pmpm_ct,float64,0,0,0,9.753333,0.09565079,,
submcc_men_othr_ind,int64,0,0,0,1,0.316837233,,
submcc_men_othr_pmpm_ct,float64,0,0,0,7.1666665,0.096278952,,
submcc_men_schz_ind,int64,0,0,0,1,0.004139596,,
submcc_men_schz_pmpm_ct,float64,0,0,0,8.606667,0.002880213,,
submcc_mus_arth_ind,int64,0,0,0,1,0.333754959,,
submcc_mus_arth_pmpm_ct,float64,0,0,0,7.3333335,0.120618159,,
submcc_mus_atrp_ind,int64,0,0,0,1,0.021316047,,
submcc_mus_atrp_pmpm_ct,float64,0,0,0,1.5160606,0.003301026,,
submcc_mus_back_ind,int64,0,0,0,1,0.40246076,,
submcc_mus_back_pmpm_ct,float64,0,0,0,9.916667,0.240275128,,
submcc_mus_form_ind,int64,0,0,0,1,0.073880297,,
submcc_mus_form_pmpm_ct,float64,0,0,0,1.8663666,0.012673065,,
submcc_mus_inf_ind,int64,0,0,0,1,0.001020525,,
submcc_mus_inf_pmpm_ct,float64,0,0,0,4,0.000503303,,
submcc_mus_jnt_ind,int64,0,0,0,1,0.329600989,,
submcc_mus_jnt_pmpm_ct,float64,0,0,0,6.1666665,0.125639661,,
submcc_mus_oste_ind,int64,0,0,0,1,0.106307135,,
submcc_mus_oste_pmpm_ct,float64,0,0,0,3,0.02146254,,
submcc_mus_othr_ind,int64,0,0,0,1,0.190823895,,
submcc_mus_othr_pmpm_ct,float64,0,0,0,5.5833335,0.047065832,,
submcc_mus_soft_ind,int64,0,0,0,1,0.431150463,,
submcc_mus_soft_pmpm_ct,float64,0,0,0,7.8333335,0.139539058,,
submcc_neo_fh/ho_ind,int64,0,0,0,0,0,,
submcc_neo_fh/ho_pmpm_ct,float64,0,0,0,0,0,,
submcc_ner_deg_ind,int64,0,0,0,1,0.076812511,,
submcc_ner_deg_pmpm_ct,float64,0,0,0,8.35955,0.017749551,,
submcc_ner_epil_ind,int64,0,0,0,1,0.012548152,,
submcc_ner_epil_pmpm_ct,float64,0,0,0,2.4633336,0.00366096,,
submcc_ner_infl_ind,int64,0,0,0,1,0.000143736,,
submcc_ner_infl_pmpm_ct,float64,0,0,0,1,2.42E-05,,
submcc_ner_migr_ind,int64,0,0,0,1,0.041050998,,
submcc_ner_migr_pmpm_ct,float64,0,0,0,1.3333333,0.006268282,,
submcc_ner_othr_ind,int64,0,0,0,1,0.45917898,,
submcc_ner_othr_pmpm_ct,float64,0,0,0,8.583333,0.177038933,,
submcc_pre_care_ind,int64,0,0,0,1,0.000143736,,
submcc_pre_care_pmpm_ct,float64,0,0,0,1.4002,7.63E-05,,
submcc_pre_com_ind,int64,0,0,0,1,8.62E-05,,
submcc_pre_com_pmpm_ct,float64,0,0,0,0.580333,1.40E-05,,
submcc_pre_del_ind,int64,0,0,0,0,0,,
submcc_pre_del_pmpm_ct,float64,0,0,0,0,0,,
submcc_pre_ect_ind,int64,0,0,0,0,0,,
submcc_pre_ect_pmpm_ct,float64,0,0,0,0,0,,
submcc_pre_l/d_ind,int64,0,0,0,1,1.44E-05,,
submcc_pre_l/d_pmpm_ct,float64,0,0,0,0.0009,1.29E-08,,
submcc_pre_mul_ind,int64,0,0,0,0,0,,
submcc_pre_mul_pmpm_ct,float64,0,0,0,0,0,,
submcc_pre_othr_ind,int64,0,0,0,0,0,,
submcc_pre_othr_pmpm_ct,float64,0,0,0,0,0,,
submcc_rar_als_ind,int64,0,0,0,0,0,,
submcc_rar_als_pmpm_ct,float64,0,0,0,0,0,,
submcc_rar_cf_ind,int64,0,0,0,0,0,,
submcc_rar_cf_pmpm_ct,float64,0,0,0,0,0,,
submcc_rar_cid_ind,int64,0,0,0,1,0.081584546,,
submcc_rar_cid_pmpm_ct,float64,0,0,0,1.9666666,0.012591845,,
submcc_rar_drm_ind,int64,0,0,0,0,0,,
submcc_rar_drm_pmpm_ct,float64,0,0,0,0,0,,
submcc_rar_hem_ind,int64,0,0,0,1,0.000474329,,
submcc_rar_hem_pmpm_ct,float64,0,0,0,0.2,3.96E-05,,
submcc_rar_lup_ind,int64,0,0,0,1,0.002400391,,
submcc_rar_lup_pmpm_ct,float64,0,0,0,3.4133334,0.000876631,,
submcc_rar_mg_ind,int64,0,0,0,1,4.31E-05,,
submcc_rar_mg_pmpm_ct,float64,0,0,0,0.08,2.59E-06,,
submcc_rar_ms_ind,int64,0,0,0,1,0.000819295,,
submcc_rar_ms_pmpm_ct,float64,0,0,0,8.818966,0.000742457,,
submcc_rar_othr_ind,int64,0,0,0,0,0,,
submcc_rar_othr_pmpm_ct,float64,0,0,0,0,0,,
submcc_rar_par_ind,int64,0,0,0,1,0.003392169,,
submcc_rar_par_pmpm_ct,float64,0,0,0,6.5833335,0.00122767,,
submcc_rar_pol_ind,int64,0,0,0,0,0,,
submcc_rar_pol_pmpm_ct,float64,0,0,0,0,0,,
submcc_rar_ra_ind,int64,0,0,0,1,0.02784166,,
submcc_rar_ra_pmpm_ct,float64,0,0,0,2.8633332,0.010415631,,
submcc_rar_sca_ind,int64,0,0,0,0,0,,
submcc_rar_sca_pmpm_ct,float64,0,0,0,0,0,,
submcc_rar_scl_ind,int64,0,0,0,1,2.87E-05,,
submcc_rar_scl_pmpm_ct,float64,0,0,0,0.08363363,1.21E-06,,
submcc_res_alg_ind,int64,0,0,0,1,0.120522624,,
submcc_res_alg_pmpm_ct,float64,0,0,0,4.733333,0.019529515,,
submcc_res_asth_ind,int64,0,0,0,1,0.080305295,,
submcc_res_asth_pmpm_ct,float64,0,0,0,5.842308,0.020003929,,
submcc_res_copd_ind,int64,0,0,0,1,0.219772322,,
submcc_res_copd_pmpm_ct,float64,0,0,0,13.5,0.139957231,,
submcc_res_fail_ind,int64,0,0,0,1,0.042430863,,
submcc_res_fail_pmpm_ct,float64,0,0,0,9.116667,0.018634401,,
submcc_res_inf_ind,int64,0,0,0,1,0.239435405,,
submcc_res_inf_pmpm_ct,float64,0,0,0,6.25,0.054338714,,
submcc_res_othr_ind,int64,0,0,0,1,0.370910711,,
submcc_res_othr_pmpm_ct,float64,0,0,0,9.083333,0.116938107,,
submcc_rsk_an_ind,int64,0,0,0,0,0,,
submcc_rsk_an_pmpm_ct,float64,0,0,0,0,0,,
submcc_rsk_chol_ind,int64,0,0,0,1,0.71153625,,
submcc_rsk_chol_pmpm_ct,float64,0,0,0,7.0833335,0.28448116,,
submcc_rsk_coag_ind,int64,0,0,0,1,0.00091991,,
submcc_rsk_coag_pmpm_ct,float64,0,0,0,2,0.000260513,,
submcc_rsk_fh/h_ind,int64,0,0,0,0,0,,
submcc_rsk_fh/h_pmpm_ct,float64,0,0,0,0,0,,
submcc_rsk_fh/ho_ind,int64,0,0,0,1,0.215057782,,
submcc_rsk_fh/ho_pmpm_ct,float64,0,0,0,2.8333333,0.029091334,,
submcc_rsk_glu_ind,int64,0,0,0,1,0.176895878,,
submcc_rsk_glu_pmpm_ct,float64,0,0,0,2.1834745,0.040810794,,
submcc_rsk_obe_ind,int64,0,0,0,1,0.4469183,,
submcc_rsk_obe_pmpm_ct,float64,0,0,0,5,0.125444282,,
submcc_rsk_othr_ind,int64,0,0,0,0,0,,
submcc_rsk_othr_pmpm_ct,float64,0,0,0,0,0,,
submcc_rsk_pcos_ind,int64,0,0,0,0,0,,
submcc_rsk_pcos_pmpm_ct,float64,0,0,0,0,0,,
submcc_rsk_smok_ind,int64,0,0,0,1,0.282412465,,
submcc_rsk_smok_pmpm_ct,float64,0,0,0,5.972477,0.06849642,,
submcc_rsk_synx_ind,int64,0,0,0,1,0.001466107,,
submcc_rsk_synx_pmpm_ct,float64,0,0,0,0.5,0.00019748,,
submcc_skn_inf_ind,int64,0,0,0,1,0.199922383,,
submcc_skn_inf_pmpm_ct,float64,0,0,0,8.666667,0.039859102,,
submcc_skn_othr_ind,int64,0,0,0,1,0.39071753,,
submcc_skn_othr_pmpm_ct,float64,0,0,0,8.666667,0.088224166,,
submcc_sns_abd_ind,int64,0,0,0,1,0.175185419,,
submcc_sns_abd_pmpm_ct,float64,0,0,0,1.95,0.039252839,,
submcc_sns_chst_ind,int64,0,0,0,1,0.164160869,,
submcc_sns_chst_pmpm_ct,float64,0,0,0,4.0833335,0.049954142,,
submcc_sns_coma_ind,int64,0,0,0,1,0.000891163,,
submcc_sns_coma_pmpm_ct,float64,0,0,0,0.2,7.76E-05,,
submcc_sns_cons_ind,int64,0,0,0,1,0.124920945,,
submcc_sns_cons_pmpm_ct,float64,0,0,0,2.75,0.033866493,,
submcc_sns_dth_ind,int64,0,0,0,1,0.000129362,,
submcc_sns_dth_pmpm_ct,float64,0,0,0,0.5,2.32E-05,,
submcc_sns_othr_ind,int64,0,0,0,1,0.596001265,,
submcc_sns_othr_pmpm_ct,float64,0,0,0,55.083336,0.304585079,,
submcc_sor_ear_ind,int64,0,0,0,1,0.166877479,,
submcc_sor_ear_pmpm_ct,float64,0,0,0,2,0.028492862,,
submcc_sor_eye_ind,int64,0,0,0,1,0.56143276,,
submcc_sor_eye_pmpm_ct,float64,0,0,0,4,0.135068079,,
submcc_trm_brn_ind,int64,0,0,0,1,0.003205312,,
submcc_trm_brn_pmpm_ct,float64,0,0,0,0.26333338,0.000311918,,
submcc_trm_f/n_ind,int64,0,0,0,1,0.00015811,,
submcc_trm_f/n_pmpm_ct,float64,0,0,0,0.16666663,1.17E-05,,
submcc_trm_fxu_ind,int64,0,0,0,0,0,,
submcc_trm_fxu_pmpm_ct,float64,0,0,0,0,0,,
submcc_trm_fxul_ind,int64,0,0,0,1,1.44E-05,,
submcc_trm_fxul_pmpm_ct,float64,0,0,0,0.083333336,1.20E-06,,
submcc_trm_hip_ind,int64,0,0,0,1,0.001624217,,
submcc_trm_hip_pmpm_ct,float64,0,0,0,6,0.00167094,,
submcc_trm_prly_ind,int64,0,0,0,1,0.00107802,,
submcc_trm_prly_pmpm_ct,float64,0,0,0,9.6875,0.000335338,,
submcc_trm_skul_ind,int64,0,0,0,1,0.000129362,,
submcc_trm_skul_pmpm_ct,float64,0,0,0,0.1,1.03E-05,,
submcc_trm_spfx_ind,int64,0,0,0,1,0.005447594,,
submcc_trm_spfx_pmpm_ct,float64,0,0,0,4.894737,0.001549537,,
submcc_trm_spnj_ind,int64,0,0,0,1,8.62E-05,,
submcc_trm_spnj_pmpm_ct,float64,0,0,0,0.083366394,5.95E-06,,
submcc_vco_care_ind,int64,0,0,0,1,0.063186339,,
submcc_vco_care_pmpm_ct,float64,0,0,0,3.9129553,0.021139887,,
submcc_vco_end_ind,int64,0,0,0,1,0.002615995,,
submcc_vco_end_pmpm_ct,float64,0,0,0,0.6666667,0.000380495,,
submcc_vco_exam_ind,int64,0,0,0,1,0.796958547,,
submcc_vco_exam_pmpm_ct,float64,0,0,0,3,0.203987393,,
submcc_vco_othr_ind,int64,0,0,0,1,0.741950785,,
submcc_vco_othr_pmpm_ct,float64,0,0,0,9.916667,0.331453976,,
submcc_vco_vac_ind,int64,0,0,0,1,0.36902777,,
submcc_vco_vac_pmpm_ct,float64,0,0,0,3.0833333,0.042947264,,
total_ambulance_visit_ct_pmpm,float64,0,0,0,15.41333336,0.04414386,,
total_er_visit_ct_pmpm,float64,0,0,0,1.666666667,0.029954221,,
total_ip_acute_admit_ct_pmpm,float64,0,0,0,0.666666667,0.01051906,,
total_ip_acute_admit_days_pmpm,float64,0,0,0,4.832543683,0.041046492,,
total_ip_ltach_admit_ct_pmpm,float64,0,0,0,0,0,,
total_ip_ltach_admit_days_pmpm,float64,0,0,0,0,0,,
total_ip_maternity_admit_ct_pmpm,float64,0,0,0,0,0,,
total_ip_maternity_admit_days_pmpm,float64,0,0,0,0,0,,
total_ip_mhsa_admit_ct_pmpm,float64,0,0,0,0.41666665,9.33E-05,,
total_ip_mhsa_admit_days_pmpm,float64,0,0,0,1.653663607,0.000319164,,
total_ip_rehab_admit_ct_pmpm,float64,0,0,0,0.083333333,1.68E-05,,
total_ip_rehab_admit_days_pmpm,float64,0,0,0,1.703666666,0.000185377,,
total_ip_snf_admit_ct_pmpm,float64,0,0,0,0.333333333,0.001333512,,
total_ip_snf_admit_days_pmpm,float64,0,0,0,9.333333333,0.018477562,,
total_outpatient_visit_ct_pmpm,float64,0,0,0,23.75,0.478739283,,
total_physician_office_visit_ct_pmpm,float64,0,0,0,5.666666667,0.632201345,,
total_urgent_care_visit_ct_pmpm,float64,0,0,0,0.58817719,0.007903438,,
transportation_issues,int64,0,0,0,1,0.146567585,,
zip_cd,object,0,0,,,,,
